{"nfev": 68, "ans": -8.150610950777075, "trajectory": [[0.5374999999999999, 0.44999999999999996], [0.59375, 0.4249999999999998], [0.6468749999999999, 0.31249999999999956], [0.7859375000000002, 0.20624999999999916], [0.8390625, 0.09374999999999889], [0.8390625, 0.09374999999999889], [0.8472656250000001, 0.12343749999999892], [0.8472656250000001, 0.12343749999999892], [0.9587402343750004, 0.06972656249999865], [0.8877197265625005, 0.19365234374999898], [1.075158691406251, 0.14819335937499856], [1.0268371582031266, 0.373315429687499], [1.214276123046877, 0.3278564453124986], [1.1659545898437527, 0.552978515624999], [1.1659545898437527, 0.552978515624999], [1.1659545898437527, 0.552978515624999], [1.1659545898437527, 0.552978515624999], [1.2115111351013215, 0.6252902984619131], [1.2115111351013215, 0.6252902984619131], [1.1885996997356443, 0.5752038240432729], [1.1885996997356443, 0.5752038240432729], [1.2001885801553756, 0.6141776442527761], [1.1917632453143625, 0.612808445096015], [1.1922878062352567, 0.5943484343588342], [1.1922878062352567, 0.5943484343588342], [1.1922878062352567, 0.5943484343588342], [1.1952833815128572, 0.6006306373979886], [1.1952833815128572, 0.6006306373979886], [1.1967250859270306, 0.5987640985433234], [1.1956064187999829, 0.5968255757681606], [1.195724566938182, 0.5992127372768653], [1.195724566938182, 0.5992127372768653], [1.1957831734840512, 0.5978138790865262], [1.1957831734840512, 0.5978138790865262], [1.195636189596148, 0.5987185856176825], [1.195636189596148, 0.5987185856176825]], "qaoa_time": 0.2471911907196045, "PQC_time": 0.24161672592163086, "max_mem": 169693184}