{"nfev": 73, "ans": -7.760202379360924, "trajectory": [[0.5374999999999999, 0.44999999999999996], [0.59375, 0.4249999999999998], [0.6468749999999999, 0.31249999999999956], [0.7859375000000002, 0.20624999999999916], [0.8390625, 0.09374999999999889], [0.8390625, 0.09374999999999889], [0.8472656250000001, 0.12343749999999892], [0.9106445312500002, 0.0480468749999987], [0.9587402343750004, 0.06972656249999865], [0.9587402343750004, 0.06972656249999865], [0.9532897949218753, 0.14523925781249877], [1.0860870361328132, 0.1401245117187485], [1.1415847778320316, 0.2885925292968737], [1.2743820190429695, 0.28347778320312345], [1.329879760742188, 0.43194580078124856], [1.329879760742188, 0.43194580078124856], [1.2788423538208002, 0.5656913757324209], [1.2788423538208002, 0.5656913757324209], [1.2120720386505117, 0.5447309494018546], [1.2120720386505117, 0.5447309494018546], [1.2498702585697168, 0.5191547155380238], [1.2549067512154573, 0.54881710410118], [1.2322302717715494, 0.5393584296107283], [1.2322302717715494, 0.5393584296107283], [1.2448276346549383, 0.5515033639967433], [1.2448276346549383, 0.5515033639967433], [1.2448276346549383, 0.5515033639967433], [1.2448276346549383, 0.5515033639967433], [1.240536734563647, 0.5465913577587336], [1.240536734563647, 0.5465913577587336], [1.2430880345602409, 0.5506499034316212], [1.241986259464692, 0.5508110792847212], [1.2415369407880568, 0.5486609245584524], [1.2415369407880568, 0.5486609245584524], [1.2415369407880568, 0.5486609245584524], [1.242090518535336, 0.549272406965499], [1.2418946141641842, 0.5485047318561554], [1.2418946141641842, 0.5485047318561554]], "qaoa_time": 0.2678968906402588, "PQC_time": 0.26162219047546387, "max_mem": 169693184}