{"nfev": 67, "ans": -7.395030656228216, "trajectory": [[0.5374999999999999, 0.44999999999999996], [0.59375, 0.4249999999999998], [0.6468749999999999, 0.31249999999999956], [0.7859375000000002, 0.20624999999999916], [0.8390625, 0.09374999999999889], [0.8390625, 0.09374999999999889], [0.8390625, 0.09374999999999889], [0.9106445312500002, 0.0480468749999987], [0.9106445312500002, 0.0480468749999987], [0.9106445312500002, 0.0480468749999987], [0.9106445312500002, 0.0480468749999987], [0.9418701171875006, 0.0848632812499987], [0.9418701171875006, 0.0848632812499987], [1.0487792968750012, 0.09082031249999856], [1.0429565429687515, 0.1840332031249987], [1.2538635253906278, 0.2425537109374985], [1.347671508789067, 0.45823974609374873], [1.347671508789067, 0.45823974609374873], [1.2656700134277385, 0.48290100097656147], [1.2656700134277385, 0.48290100097656147], [1.2656700134277385, 0.48290100097656147], [1.304671704769139, 0.5092806339263904], [1.2926203578710598, 0.469079554080962], [1.282158022373919, 0.4860405474901188], [1.282158022373919, 0.4860405474901188], [1.28733117342927, 0.5000558903440822], [1.2903875226737043, 0.49323428063653296], [1.2903875226737043, 0.49323428063653296], [1.2882565692001706, 0.48840487767301854], [1.2874153655748204, 0.4910811978224945], [1.2891117450306, 0.49148865919214474], [1.28826704835398, 0.49272495392447013], [1.2880523811335551, 0.49159400219040095], [1.2886357298871838, 0.4918240686247901], [1.2886357298871838, 0.4918240686247901]], "qaoa_time": 0.24738621711730957, "PQC_time": 0.24184894561767578, "max_mem": 169693184}