{"nfev-p1": 284, "ans-p1": -13.523284014278456, "nfev-p2": 56, "ans-p2": -13.628463183166023, "nfev-p3": 1582, "ans-p3": -13.96259693562506}