{"nfev-p1": 284, "ans-p1": -11.080936194601648, "nfev-p2": 69, "ans-p2": -11.249931247230581, "nfev-p3": 1012, "ans-p3": -11.880274077568826}