{"nfev-p1": 300, "ans-p1": -9.921091913316646, "nfev-p2": 101, "ans-p2": -10.781188972495258, "nfev-p3": 742, "ans-p3": -9.937945866158275}