{"nfev-p1": 291, "ans-p1": -12.391394000806281, "nfev-p2": 113, "ans-p2": -11.861890535585191, "nfev-p3": 1496, "ans-p3": -13.515402695952831}