{"nfev-p1": 293, "ans-p1": -11.160531560919049, "nfev-p2": 67, "ans-p2": -10.728715140571385, "nfev-p3": 1010, "ans-p3": -11.634509585180936}