{"nfev-p1": 294, "ans-p1": -11.872724343091063, "nfev-p2": 75, "ans-p2": -12.75919428272018, "nfev-p3": 740, "ans-p3": -11.981109903350147}