{"nfev-p1": 296, "ans-p1": -13.03801811131637, "nfev-p2": 68, "ans-p2": -12.190312323722537, "nfev-p3": 993, "ans-p3": -13.412764300051933}