{"nfev-p1": 293, "ans-p1": -13.064985853860982, "nfev-p2": 54, "ans-p2": -13.628463109828878, "nfev-p3": 1180, "ans-p3": -13.189135758950556}