{"nfev-p1": 300, "ans-p1": -10.767159390863757, "nfev-p2": 81, "ans-p2": -11.612474912410327, "nfev-p3": 717, "ans-p3": -10.961685776061852}