{"nfev-p1": 286, "ans-p1": -11.306606348197882, "nfev-p2": 45, "ans-p2": -12.303765841489563, "nfev-p3": 796, "ans-p3": -11.961024936948814}