{"nfev-p1": 304, "ans-p1": -12.846015261848835, "nfev-p2": 81, "ans-p2": -13.228550762055482, "nfev-p3": 1082, "ans-p3": -12.894504513513539}