{"nfev-p1": 299, "ans-p1": -11.06911848328287, "nfev-p2": 70, "ans-p2": -12.229769481254873, "nfev-p3": 600, "ans-p3": -11.079431227505362}