{"nfev-p1": 291, "ans-p1": -11.888284925381322, "nfev-p2": 62, "ans-p2": -11.255496866327263, "nfev-p3": 1187, "ans-p3": -12.465672569783763}