{"nfev-p1": 306, "ans-p1": -10.757777648081845, "nfev-p2": 59, "ans-p2": -11.819837308655462, "nfev-p3": 558, "ans-p3": -10.760477062265277}