{"nfev-p1": 312, "ans-p1": -12.060897530540254, "nfev-p2": 46, "ans-p2": -11.251393140710094, "nfev-p3": 383, "ans-p3": -12.08122578048421}