{"nfev-p1": 295, "ans-p1": -10.364649125842668, "nfev-p2": 71, "ans-p2": -10.446008869255257, "nfev-p3": 1228, "ans-p3": -10.532937846931882}