{"nfev-p1": 295, "ans-p1": -11.817173365183594, "nfev-p2": 61, "ans-p2": -12.79223373951053, "nfev-p3": 1307, "ans-p3": -14.124860790490523}