{"nfev-p1": 288, "ans-p1": -10.128604084685483, "nfev-p2": 68, "ans-p2": -11.252479447314245, "nfev-p3": 1984, "ans-p3": -10.237833094055054}