{"nfev-p1": 299, "ans-p1": -12.682002742721153, "nfev-p2": 71, "ans-p2": -12.265523317399353, "nfev-p3": 1240, "ans-p3": -12.786192934521168}