{"nfev-p1": 308, "ans-p1": -11.504701460683979, "nfev-p2": 83, "ans-p2": -12.657743523741567, "nfev-p3": 2085, "ans-p3": -13.371630028272918}