{"nfev-p1": 294, "ans-p1": -9.985112160308322, "nfev-p2": 66, "ans-p2": -10.67717245863665, "nfev-p3": 707, "ans-p3": -11.318627687382385}