{"nfev-p1": 318, "ans-p1": -11.864315020785693, "nfev-p2": 56, "ans-p2": -11.65219875200114, "nfev-p3": 299, "ans-p3": -11.879600651377435}