{"nfev-p1": 301, "ans-p1": -9.660710737088989, "nfev-p2": 61, "ans-p2": -11.170973501763457, "nfev-p3": 1348, "ans-p3": -11.898973838456802}