{"nfev-p1": 303, "ans-p1": -13.470073073032992, "nfev-p2": 54, "ans-p2": -13.709150288660084, "nfev-p3": 815, "ans-p3": -13.59614068597868}