{"nfev-p1": 303, "ans-p1": -12.120326065164571, "nfev-p2": 51, "ans-p2": -12.658047310173782, "nfev-p3": 550, "ans-p3": -12.937817740714603}