{"nfev-p1": 294, "ans-p1": -11.860864799535547, "nfev-p2": 52, "ans-p2": -11.69218511488521, "nfev-p3": 1595, "ans-p3": -12.357383740895775}