{"nfev-p1": 305, "ans-p1": -11.484946979603368, "nfev-p2": 72, "ans-p2": -11.15809783804899, "nfev-p3": 746, "ans-p3": -11.612385881473571}