{"nfev-p1": 298, "ans-p1": -11.035470023559373, "nfev-p2": 71, "ans-p2": -10.63239134322458, "nfev-p3": 330, "ans-p3": -11.265657213477127}