{"nfev-p1": 294, "ans-p1": -12.996604649446747, "nfev-p2": 67, "ans-p2": -12.658049123289851, "nfev-p3": 614, "ans-p3": -13.085491292229838}