{"nfev-p1": 310, "ans-p1": -10.874363519733098, "nfev-p2": 57, "ans-p2": -11.159912445818685, "nfev-p3": 720, "ans-p3": -10.88394638271021}