{"nfev-p1": 291, "ans-p1": -12.488048093620032, "nfev-p2": 60, "ans-p2": -12.69080304104557, "nfev-p3": 2108, "ans-p3": -12.922167375980989}