{"nfev-p1": 311, "ans-p1": -13.2820668913314, "nfev-p2": 63, "ans-p2": -13.682041903725173, "nfev-p3": 1052, "ans-p3": -13.679229033306097}