{"nfev-p1": 293, "ans-p1": -11.913987046408506, "nfev-p2": 111, "ans-p2": -11.813869063161176, "nfev-p3": 2166, "ans-p3": -12.610517310776496}