{"nfev-p1": 299, "ans-p1": -13.565140020908814, "nfev-p2": 55, "ans-p2": -14.148081303520602, "nfev-p3": 864, "ans-p3": -13.678603875368337}