{"nfev-p1": 291, "ans-p1": -12.844041825228686, "nfev-p2": 45, "ans-p2": -12.347367376623424, "nfev-p3": 215, "ans-p3": -13.008834311611016}