{"nfev-p1": 291, "ans-p1": -11.040476907610941, "nfev-p2": 39, "ans-p2": -10.783326195821653, "nfev-p3": 888, "ans-p3": -11.929222512167165}