{"nfev-p1": 301, "ans-p1": -12.00671503730767, "nfev-p2": 71, "ans-p2": -12.19217531653564, "nfev-p3": 1275, "ans-p3": -12.717466908376398}