{"nfev-p1": 299, "ans-p1": -11.268797560931217, "nfev-p2": 50, "ans-p2": -10.392943938540183, "nfev-p3": 845, "ans-p3": -11.359112388767548}