{"nfev-p1": 293, "ans-p1": -10.643007652459374, "nfev-p2": 28, "ans-p2": -11.77594847482561, "nfev-p3": 569, "ans-p3": -10.787262512475094}