{"nfev-p1": 292, "ans-p1": -12.252855460595658, "nfev-p2": 62, "ans-p2": -11.77239991891956, "nfev-p3": 2274, "ans-p3": -12.387701679043758}