{"nfev-p1": 302, "ans-p1": -9.648757853533079, "nfev-p2": 40, "ans-p2": -9.83373226217287, "nfev-p3": 549, "ans-p3": -9.98639375017703}