{"nfev-p1": 291, "ans-p1": -11.024881243980698, "nfev-p2": 49, "ans-p2": -8.892677279142907, "nfev-p3": 1411, "ans-p3": -11.553782028110598}