{"nfev-p1": 301, "ans-p1": -12.480370293553536, "nfev-p2": 91, "ans-p2": -13.22854966186963, "nfev-p3": 347, "ans-p3": -12.492564580054626}