{"nfev-p1": 302, "ans-p1": -8.727376039653448, "nfev-p2": 65, "ans-p2": -8.235704062022505, "nfev-p3": 1754, "ans-p3": -9.062755951408878}