{"nfev-p1": 306, "ans-p1": -13.744882424140778, "nfev-p2": 88, "ans-p2": -12.759194856455172, "nfev-p3": 571, "ans-p3": -13.812113621151436}