{"nfev-p1": 306, "ans-p1": -12.007548302546939, "nfev-p2": 52, "ans-p2": -10.939222567275356, "nfev-p3": 378, "ans-p3": -12.008622449634334}