{"nfev": 64, "ans": -18.533015852102757, "trajectory": [[0.5374999999999999, 0.44999999999999996], [0.59375, 0.4249999999999998], [0.6468749999999999, 0.31249999999999956], [0.7859375000000002, 0.20624999999999916], [0.8390625, 0.09374999999999889], [0.8953125000000003, 0.06874999999999876], [0.8953125000000003, 0.06874999999999876], [0.9046875000000005, 0.13124999999999887], [0.9046875000000005, 0.13124999999999887], [1.0265625000000014, 0.1437499999999987], [0.9500000000000017, 0.2999999999999991], [1.1554687500000034, 0.40312499999999896], [1.078906250000004, 0.5593749999999993], [1.2843750000000054, 0.6624999999999992], [1.1947265625000054, 0.7148437499999993], [1.1592285156250046, 0.6240234374999993], [1.1592285156250046, 0.6240234374999993], [1.1951782226562542, 0.5751464843749992], [1.1951782226562542, 0.5751464843749992], [1.1793937683105513, 0.6139923095703117], [1.1793937683105513, 0.6139923095703117], [1.1793937683105513, 0.6139923095703117], [1.1904900908470197, 0.6089567661285393], [1.1881413549184843, 0.6029820084571831], [1.1843547455966517, 0.6099808484315865], [1.1843547455966517, 0.6099808484315865], [1.1872516314964785, 0.6059159906581038], [1.1870861295494293, 0.6078337584156537], [1.1857618130598029, 0.6084278614842327], [1.1857618130598029, 0.6084278614842327], [1.1857618130598029, 0.6084278614842327], [1.1857618130598029, 0.6084278614842327]], "qaoa_time": 33.79542422294617, "PQC_time": 33.78743028640747, "max_mem": 182792192}