{"nfev": 70, "ans": -17.948091021920586, "trajectory": [[0.5374999999999999, 0.44999999999999996], [0.59375, 0.4249999999999998], [0.6468749999999999, 0.31249999999999956], [0.7859375000000002, 0.20624999999999916], [0.8390625, 0.09374999999999889], [0.8390625, 0.09374999999999889], [0.8472656250000001, 0.12343749999999892], [0.9106445312500002, 0.0480468749999987], [0.9587402343750004, 0.06972656249999865], [0.9587402343750004, 0.06972656249999865], [0.9532897949218753, 0.14523925781249877], [1.0860870361328132, 0.1401245117187485], [1.1415847778320316, 0.2885925292968737], [1.1415847778320316, 0.2885925292968737], [1.329879760742188, 0.43194580078124856], [1.1584327697753904, 0.5138519287109364], [1.1584327697753904, 0.5138519287109364], [1.1584327697753904, 0.5138519287109364], [1.2567922592163083, 0.6418434143066395], [1.2237783908843993, 0.4972158432006823], [1.1993590474128721, 0.5416907787322987], [1.2341804891824721, 0.580648362636565], [1.2132654570043087, 0.5931464344263067], [1.2115410102531312, 0.5642940886318673], [1.223291861405596, 0.579684312082826], [1.2153409464168363, 0.5825678173918266], [1.2153409464168363, 0.5825678173918266], [1.2153409464168363, 0.5825678173918266], [1.2173615854135278, 0.5781502882993653], [1.2158899864986779, 0.5765345647650963], [1.2158899864986779, 0.5765345647650963], [1.2152242218070965, 0.5782921208956611], [1.2157702351696784, 0.5786842323962037], [1.2156936074935327, 0.5775113707055144], [1.2156936074935327, 0.5775113707055144], [1.2156936074935327, 0.5775113707055144], [1.2156936074935327, 0.5775113707055144]], "qaoa_time": 38.60065746307373, "PQC_time": 38.591938495635986, "max_mem": 182792192}