{"nfev": 67, "ans": -18.376850840338975, "trajectory": [[0.5374999999999999, 0.44999999999999996], [0.59375, 0.4249999999999998], [0.6468749999999999, 0.31249999999999956], [0.7859375000000002, 0.20624999999999916], [0.8390625, 0.09374999999999889], [0.8953125000000003, 0.06874999999999876], [0.8953125000000003, 0.06874999999999876], [0.9046875000000005, 0.13124999999999887], [0.9046875000000005, 0.13124999999999887], [1.0265625000000014, 0.1437499999999987], [0.9500000000000017, 0.2999999999999991], [1.1554687500000034, 0.40312499999999896], [1.078906250000004, 0.5593749999999993], [1.2843750000000054, 0.6624999999999992], [1.168554687500004, 0.5070312499999992], [1.1526855468750044, 0.5720703124999993], [1.2224975585937548, 0.6010253906249992], [1.2224975585937548, 0.6010253906249992], [1.1836242675781297, 0.6028076171874992], [1.1836242675781297, 0.6028076171874992], [1.1836242675781297, 0.6028076171874992], [1.192685222625737, 0.6124408721923821], [1.1978144407272386, 0.6006497383117668], [1.1978144407272386, 0.6006497383117668], [1.1978144407272386, 0.6006497383117668], [1.1928137019276666, 0.600721997022628], [1.1928137019276666, 0.600721997022628], [1.1928137019276666, 0.600721997022628], [1.1928137019276666, 0.600721997022628], [1.1945560747524773, 0.6009409249760203], [1.1936677221965557, 0.5994281078455962], [1.1934628002010914, 0.600453256716718], [1.1940606679756502, 0.6004408036285886], [1.1937147281424632, 0.5999375690091248], [1.1937147281424632, 0.5999375690091248]], "qaoa_time": 37.76327037811279, "PQC_time": 37.754422664642334, "max_mem": 182792192}