{"nfev-p1": 296, "ans-p1": -13.880425350363824, "nfev-p2": 145, "ans-p2": -13.606527710022947, "nfev-p3": 2788, "ans-p3": -14.072850102071259}