{"nfev-p1": 311, "ans-p1": -12.736662381055211, "nfev-p2": 3, "ans-p2": -12.729725237649875, "nfev-p3": 413, "ans-p3": -12.77260064927387}