{"nfev-p1": 295, "ans-p1": -12.256608981486105, "nfev-p2": 75, "ans-p2": -13.628462311100385, "nfev-p3": 1435, "ans-p3": -14.04856996361671}