{"nfev-p1": 302, "ans-p1": -12.31721243837084, "nfev-p2": 66, "ans-p2": -13.200888228036503, "nfev-p3": 877, "ans-p3": -12.389564128709845}