{"nfev-p1": 292, "ans-p1": -12.641214706011233, "nfev-p2": 71, "ans-p2": -12.694844079606815, "nfev-p3": 1302, "ans-p3": -13.551627461830435}