{"nfev-p1": 297, "ans-p1": -10.85952045630089, "nfev-p2": 97, "ans-p2": -10.264140193593542, "nfev-p3": 513, "ans-p3": -10.996086723500346}