{"nfev-p1": 310, "ans-p1": -11.144699690624554, "nfev-p2": 68, "ans-p2": -12.228695452952593, "nfev-p3": 801, "ans-p3": -11.17798218799569}