{"nfev-p1": 299, "ans-p1": -11.870882659432088, "nfev-p2": 74, "ans-p2": -12.298425691903732, "nfev-p3": 875, "ans-p3": -11.91449028570725}