{"nfev-p1": 293, "ans-p1": -12.131518488002794, "nfev-p2": 81, "ans-p2": -11.734568275250478, "nfev-p3": 604, "ans-p3": -12.380637439907966}