{"nfev-p1": 305, "ans-p1": -9.725920385064708, "nfev-p2": 57, "ans-p2": -10.678193041462897, "nfev-p3": 246, "ans-p3": -9.674785533157499}