{"nfev-p1": 290, "ans-p1": -12.221437709653872, "nfev-p2": 76, "ans-p2": -12.724263244858657, "nfev-p3": 801, "ans-p3": -12.506741209948899}