{"nfev-p1": 303, "ans-p1": -10.994109618486842, "nfev-p2": 91, "ans-p2": -10.576630754051981, "nfev-p3": 1125, "ans-p3": -11.490695530257941}