{"nfev-p1": 299, "ans-p1": -10.869596936477455, "nfev-p2": 61, "ans-p2": -11.81771992899378, "nfev-p3": 812, "ans-p3": -11.622549490909877}