{"nfev-p1": 308, "ans-p1": -10.37378583124385, "nfev-p2": 50, "ans-p2": -9.783922939809738, "nfev-p3": 1483, "ans-p3": -10.901510661520154}