{"nfev-p1": 284, "ans-p1": -10.196694923948499, "nfev-p2": 54, "ans-p2": -11.207951269200004, "nfev-p3": 2958, "ans-p3": -10.547196126000435}