{"nfev-p1": 280, "ans-p1": -9.408376125570303, "nfev-p2": 85, "ans-p2": -10.842921710300214, "nfev-p3": 1177, "ans-p3": -9.608484658080728}