{"nfev-p1": 294, "ans-p1": -11.761334458597435, "nfev-p2": 57, "ans-p2": -12.692155420215173, "nfev-p3": 1619, "ans-p3": -13.467917872970135}