{"nfev-p1": 300, "ans-p1": -12.255046259362286, "nfev-p2": 69, "ans-p2": -12.188218173191782, "nfev-p3": 845, "ans-p3": -12.323928334034715}