{"nfev-p1": 9, "ans-p1": -10.500000000000002, "nfev-p2": 3, "ans-p2": -10.500000000000002, "nfev-p3": 9, "ans-p3": -10.500000000000002}