{"nfev-p1": 9, "ans-p1": -11.500000000000002, "nfev-p2": 3, "ans-p2": -11.500000000000002, "nfev-p3": 9, "ans-p3": -11.500000000000002}