{"nfev-p1": 292, "ans-p1": -12.26966403724557, "nfev-p2": 40, "ans-p2": -13.13907433461309, "nfev-p3": 1355, "ans-p3": -12.572110716507753}