{"nfev-p1": 303, "ans-p1": -14.172362422436253, "nfev-p2": 48, "ans-p2": -13.68303443081721, "nfev-p3": 507, "ans-p3": -14.19327250972379}