{"nfev-p1": 290, "ans-p1": -12.81608115860878, "nfev-p2": 72, "ans-p2": -12.295168867628925, "nfev-p3": 315, "ans-p3": -12.82212918926316}