{"nfev-p1": 294, "ans-p1": -8.9550184824587, "nfev-p2": 66, "ans-p2": -8.554688296057218, "nfev-p3": 1166, "ans-p3": -9.041431757572846}