{"nfev-p1": 311, "ans-p1": -10.992461894469661, "nfev-p2": 87, "ans-p2": -11.778867861608905, "nfev-p3": 1108, "ans-p3": -12.310052692266229}