{"nfev-p1": 302, "ans-p1": -11.136322694893579, "nfev-p2": 52, "ans-p2": -11.773845099704184, "nfev-p3": 916, "ans-p3": -11.810793011008021}