{"nfev-p1": 296, "ans-p1": -12.89573308628606, "nfev-p2": 53, "ans-p2": -12.658125094726334, "nfev-p3": 2611, "ans-p3": -14.011270345190942}