{"nfev-p1": 289, "ans-p1": -10.256287098696147, "nfev-p2": 118, "ans-p2": -11.390934494227787, "nfev-p3": 447, "ans-p3": -10.546628530389016}