{"nfev-p1": 292, "ans-p1": -11.274539895876236, "nfev-p2": 76, "ans-p2": -11.248743512913887, "nfev-p3": 804, "ans-p3": -11.6449004043029}