{"nfev-p1": 294, "ans-p1": -12.464786287150362, "nfev-p2": 50, "ans-p2": -11.860455411745829, "nfev-p3": 649, "ans-p3": -12.64100898499287}