{"nfev-p1": 295, "ans-p1": -9.91796269687379, "nfev-p2": 73, "ans-p2": -10.727062206306382, "nfev-p3": 1223, "ans-p3": -10.402833260784028}