{"nfev-p1": 9, "ans-p1": -9.000000000000002, "nfev-p2": 3, "ans-p2": -9.000000000000002, "nfev-p3": 9, "ans-p3": -9.000000000000002}