{"nfev-p1": 298, "ans-p1": -9.902994159362974, "nfev-p2": 75, "ans-p2": -10.83344855523879, "nfev-p3": 672, "ans-p3": -10.324439964178282}