{"nfev-p1": 298, "ans-p1": -12.26524052908136, "nfev-p2": 64, "ans-p2": -11.732080390887234, "nfev-p3": 1118, "ans-p3": -12.320921570308942}