{"nfev-p1": 292, "ans-p1": -12.094825820203889, "nfev-p2": 75, "ans-p2": -11.69776675477433, "nfev-p3": 641, "ans-p3": -12.260051530544768}