{"nfev-p1": 299, "ans-p1": -12.004889590673761, "nfev-p2": 64, "ans-p2": -11.775003983733399, "nfev-p3": 1908, "ans-p3": -12.292608143944351}