{"nfev-p1": 301, "ans-p1": -10.561101929309888, "nfev-p2": 58, "ans-p2": -11.866517926482304, "nfev-p3": 619, "ans-p3": -10.59281695965316}