{"nfev-p1": 282, "ans-p1": -10.46905815849729, "nfev-p2": 66, "ans-p2": -11.206346120516281, "nfev-p3": 742, "ans-p3": -11.41914873767735}