{"nfev-p1": 296, "ans-p1": -11.877876386608303, "nfev-p2": 61, "ans-p2": -12.225461986031547, "nfev-p3": 457, "ans-p3": -11.96992314556709}