{"nfev-p1": 291, "ans-p1": -12.440901564297004, "nfev-p2": 58, "ans-p2": -12.790864244920263, "nfev-p3": 1153, "ans-p3": -12.587689926833999}