{"nfev-p1": 312, "ans-p1": -10.745079333917296, "nfev-p2": 46, "ans-p2": -11.693294632821106, "nfev-p3": 653, "ans-p3": -11.006566327020773}