{"nfev-p1": 299, "ans-p1": -9.079670402642579, "nfev-p2": 68, "ans-p2": -10.215462291811912, "nfev-p3": 552, "ans-p3": -10.470949610584386}