{"nfev-p1": 306, "ans-p1": -10.170171154814229, "nfev-p2": 62, "ans-p2": -10.676632814524114, "nfev-p3": 534, "ans-p3": -10.188642308696924}