{"nfev-p1": 307, "ans-p1": -11.661267781099635, "nfev-p2": 69, "ans-p2": -11.343146223171725, "nfev-p3": 1777, "ans-p3": -12.380301142240487}