{"nfev-p1": 300, "ans-p1": -11.802816432418366, "nfev-p2": 89, "ans-p2": -11.77557694187279, "nfev-p3": 892, "ans-p3": -11.812621164779888}