{"nfev-p1": 298, "ans-p1": -11.671351524517346, "nfev-p2": 56, "ans-p2": -11.209887740706419, "nfev-p3": 1068, "ans-p3": -11.753473177787857}