{"nfev-p1": 298, "ans-p1": -12.880848462176388, "nfev-p2": 79, "ans-p2": -12.188148601413626, "nfev-p3": 1163, "ans-p3": -13.135395324334956}