{"nfev-p1": 298, "ans-p1": -13.06518762905276, "nfev-p2": 59, "ans-p2": -13.259329615303345, "nfev-p3": 1766, "ans-p3": -13.40015158879788}