{"nfev-p1": 290, "ans-p1": -13.614719804269225, "nfev-p2": 61, "ans-p2": -14.123634847018508, "nfev-p3": 897, "ans-p3": -13.864355860979478}