{"nfev-p1": 298, "ans-p1": -12.305721997929028, "nfev-p2": 89, "ans-p2": -11.303071658341405, "nfev-p3": 401, "ans-p3": -12.491127298394963}