{"nfev-p1": 308, "ans-p1": -13.267532397711918, "nfev-p2": 56, "ans-p2": -14.14808141485349, "nfev-p3": 504, "ans-p3": -13.323258091341344}