{"nfev-p1": 9, "ans-p1": -7.000000000000001, "nfev-p2": 3, "ans-p2": -7.000000000000001, "nfev-p3": 9, "ans-p3": -7.000000000000001}