{"nfev-p1": 9, "ans-p1": -6.500000000000001, "nfev-p2": 3, "ans-p2": -6.500000000000001, "nfev-p3": 9, "ans-p3": -6.500000000000001}