{"nfev-p1": 302, "ans-p1": -11.594910142078149, "nfev-p2": 69, "ans-p2": -11.200428792383835, "nfev-p3": 1439, "ans-p3": -11.703619248181523}