{"nfev-p1": 298, "ans-p1": -10.84565432268723, "nfev-p2": 104, "ans-p2": -11.202555514832808, "nfev-p3": 1207, "ans-p3": -11.722284626965445}