{"nfev-p1": 293, "ans-p1": -11.608466536524068, "nfev-p2": 74, "ans-p2": -11.168309075781385, "nfev-p3": 1576, "ans-p3": -12.031068602524769}