{"nfev-p1": 294, "ans-p1": -12.5460433438304, "nfev-p2": 74, "ans-p2": -12.72508823561139, "nfev-p3": 1166, "ans-p3": -13.157568015827366}