{"nfev-p1": 296, "ans-p1": -12.11745397999473, "nfev-p2": 53, "ans-p2": -12.691632800789558, "nfev-p3": 464, "ans-p3": -12.128044241747755}