{"nfev-p1": 305, "ans-p1": -11.788471531581926, "nfev-p2": 71, "ans-p2": -11.390091852791583, "nfev-p3": 463, "ans-p3": -12.434120897989533}