{"nfev-p1": 315, "ans-p1": -11.728662268280551, "nfev-p2": 63, "ans-p2": -11.730888543038125, "nfev-p3": 1906, "ans-p3": -11.747354308464022}