{"nfev-p1": 295, "ans-p1": -9.146791024249955, "nfev-p2": 76, "ans-p2": -9.297762655252699, "nfev-p3": 369, "ans-p3": -9.150539904275071}