{"nfev-p1": 293, "ans-p1": -10.21186165005863, "nfev-p2": 49, "ans-p2": -9.44385620048935, "nfev-p3": 1060, "ans-p3": -10.402860608653329}