{"nfev": 68, "ans": -15.88077927268591, "trajectory": [[0.5374999999999999, 0.44999999999999996], [0.59375, 0.4249999999999998], [0.6468749999999999, 0.31249999999999956], [0.7859375000000002, 0.20624999999999916], [0.8390625, 0.09374999999999889], [0.8390625, 0.09374999999999889], [0.8472656250000001, 0.12343749999999892], [0.9106445312500002, 0.0480468749999987], [0.9587402343750004, 0.06972656249999865], [0.9587402343750004, 0.06972656249999865], [0.9532897949218753, 0.14523925781249877], [1.0860870361328132, 0.1401245117187485], [1.1415847778320316, 0.2885925292968737], [1.1415847778320316, 0.2885925292968737], [1.329879760742188, 0.43194580078124856], [1.1584327697753904, 0.5138519287109364], [1.1584327697753904, 0.5138519287109364], [1.1584327697753904, 0.5138519287109364], [1.2567922592163083, 0.6418434143066395], [1.2237783908843993, 0.4972158432006823], [1.1993590474128721, 0.5416907787322987], [1.2341804891824721, 0.580648362636565], [1.2132654570043087, 0.5931464344263067], [1.2115410102531312, 0.5642940886318673], [1.223291861405596, 0.579684312082826], [1.223291861405596, 0.579684312082826], [1.2164664517884374, 0.5674207681673568], [1.219685540919454, 0.567481561723979], [1.220683928879771, 0.573567738514247], [1.220683928879771, 0.573567738514247], [1.220683928879771, 0.573567738514247], [1.220683928879771, 0.573567738514247], [1.2196241664266239, 0.5738321302662018], [1.219659410935619, 0.5726714725368897], [1.2201628587804463, 0.5734097699578964], [1.2201628587804463, 0.5734097699578964]], "qaoa_time": 28.50261640548706, "PQC_time": 28.48712968826294, "max_mem": 174723072}