{"nfev": 69, "ans": -16.153889529022724, "trajectory": [[0.5374999999999999, 0.44999999999999996], [0.59375, 0.4249999999999998], [0.6468749999999999, 0.31249999999999956], [0.7859375000000002, 0.20624999999999916], [0.8390625, 0.09374999999999889], [0.8390625, 0.09374999999999889], [0.8472656250000001, 0.12343749999999892], [0.8472656250000001, 0.12343749999999892], [0.9587402343750004, 0.06972656249999865], [0.8877197265625005, 0.19365234374999898], [1.075158691406251, 0.14819335937499856], [1.0268371582031266, 0.373315429687499], [1.214276123046877, 0.3278564453124986], [1.1659545898437527, 0.552978515624999], [1.1659545898437527, 0.552978515624999], [1.1659545898437527, 0.552978515624999], [1.1659545898437527, 0.552978515624999], [1.1659545898437527, 0.552978515624999], [1.1659545898437527, 0.552978515624999], [1.2174599647522002, 0.6105098724365223], [1.2174599647522002, 0.6105098724365223], [1.2174599647522002, 0.6105098724365223], [1.2005928382277518, 0.6068376600742329], [1.1993878837674885, 0.5880481615662564], [1.1993878837674885, 0.5880481615662564], [1.2075202084146468, 0.585186893120407], [1.206089604482989, 0.5952969594858575], [1.2030963951081532, 0.5891450439346944], [1.2030963951081532, 0.5891450439346944], [1.2030963951081532, 0.5891450439346944], [1.2030963951081532, 0.5891450439346944], [1.204724540759642, 0.5907581039205059], [1.2045230658873465, 0.5898087452570269], [1.2038600992158237, 0.5897142342617303], [1.2038600992158237, 0.5897142342617303], [1.2038600992158237, 0.5897142342617303]], "qaoa_time": 29.505681037902832, "PQC_time": 29.492574453353882, "max_mem": 172265472}