{"nfev": 64, "ans": -16.456108062927324, "trajectory": [[0.5374999999999999, 0.44999999999999996], [0.59375, 0.4249999999999998], [0.6468749999999999, 0.31249999999999956], [0.7859375000000002, 0.20624999999999916], [0.8390625, 0.09374999999999889], [0.8953125000000003, 0.06874999999999876], [0.8953125000000003, 0.06874999999999876], [0.9046875000000005, 0.13124999999999887], [0.9046875000000005, 0.13124999999999887], [1.0265625000000014, 0.1437499999999987], [0.9500000000000017, 0.2999999999999991], [1.1554687500000034, 0.40312499999999896], [1.078906250000004, 0.5593749999999993], [1.2843750000000054, 0.6624999999999992], [1.1947265625000054, 0.7148437499999993], [1.1592285156250046, 0.6240234374999993], [1.1592285156250046, 0.6240234374999993], [1.1951782226562542, 0.5751464843749992], [1.1951782226562542, 0.5751464843749992], [1.1793937683105513, 0.6139923095703117], [1.1793937683105513, 0.6139923095703117], [1.191340780258183, 0.5944894790649407], [1.1904900908470197, 0.6089567661285393], [1.1851546019315764, 0.6078577160835259], [1.1851546019315764, 0.6078577160835259], [1.1851546019315764, 0.6078577160835259], [1.1887091846205338, 0.607674762234091], [1.1878169240662872, 0.606347019877284], [1.1867088281374936, 0.6074343035696067], [1.1867088281374936, 0.6074343035696067], [1.1872205995281593, 0.6066567386980743], [1.1872205995281593, 0.6066567386980743]], "qaoa_time": 20.139143705368042, "PQC_time": 20.12675189971924, "max_mem": 174895104}