{"nfev": 66, "ans": -10.226409748381842, "trajectory": [[0.5374999999999999, 0.44999999999999996], [0.59375, 0.4249999999999998], [0.6468749999999999, 0.31249999999999956], [0.7859375000000002, 0.20624999999999916], [0.8390625, 0.09374999999999889], [0.8953125000000003, 0.06874999999999876], [0.8953125000000003, 0.06874999999999876], [0.9046875000000005, 0.13124999999999887], [0.9046875000000005, 0.13124999999999887], [1.0265625000000014, 0.1437499999999987], [0.9500000000000017, 0.2999999999999991], [1.1554687500000034, 0.40312499999999896], [1.078906250000004, 0.5593749999999993], [1.2843750000000054, 0.6624999999999992], [1.1947265625000054, 0.7148437499999993], [1.1592285156250046, 0.6240234374999993], [1.1592285156250046, 0.6240234374999993], [1.1951782226562542, 0.5751464843749992], [1.1951782226562542, 0.5751464843749992], [1.1793937683105513, 0.6139923095703117], [1.1956129074096724, 0.6136726379394524], [1.191340780258183, 0.5944894790649407], [1.191340780258183, 0.5944894790649407], [1.1922504752874419, 0.6077178597450249], [1.1922504752874419, 0.6077178597450249], [1.1923519561067266, 0.5984584949910633], [1.1933885021600914, 0.6001126697286956], [1.1925603522104256, 0.6035017210524523], [1.1925603522104256, 0.6035017210524523], [1.1925603522104256, 0.6035017210524523], [1.1924304442996843, 0.6018223269871661], [1.1924304442996843, 0.6018223269871661], [1.1924304442996843, 0.6018223269871661], [1.1924304442996843, 0.6018223269871661]], "qaoa_time": 0.2902979850769043, "PQC_time": 0.2840878963470459, "max_mem": 170516480}