{"nfev": 69, "ans": -10.078316487522644, "trajectory": [[0.5374999999999999, 0.44999999999999996], [0.59375, 0.4249999999999998], [0.6468749999999999, 0.31249999999999956], [0.7859375000000002, 0.20624999999999916], [0.8390625, 0.09374999999999889], [0.8390625, 0.09374999999999889], [0.8472656250000001, 0.12343749999999892], [0.8472656250000001, 0.12343749999999892], [0.9587402343750004, 0.06972656249999865], [0.8877197265625005, 0.19365234374999898], [1.075158691406251, 0.14819335937499856], [1.0268371582031266, 0.373315429687499], [1.214276123046877, 0.3278564453124986], [1.1659545898437527, 0.552978515624999], [1.1659545898437527, 0.552978515624999], [1.1659545898437527, 0.552978515624999], [1.1659545898437527, 0.552978515624999], [1.1659545898437527, 0.552978515624999], [1.1659545898437527, 0.552978515624999], [1.2174599647522002, 0.6105098724365223], [1.2174599647522002, 0.6105098724365223], [1.2174599647522002, 0.6105098724365223], [1.2066164925694494, 0.5710947692394246], [1.2008937973529128, 0.5791124388575544], [1.2106075548566906, 0.592806738242506], [1.2053177678724776, 0.593391998205333], [1.2044282293587485, 0.5861059035407369], [1.2044282293587485, 0.5861059035407369], [1.2064674956349366, 0.586341811971214], [1.2065940696164972, 0.588750851156873], [1.2054795059922327, 0.5868261175523901], [1.2056060799737933, 0.5892351567380489], [1.2060684312997552, 0.5883907441510463], [1.2056583808145036, 0.5878195339984689], [1.2056583808145036, 0.5878195339984689], [1.2056583808145036, 0.5878195339984689]], "qaoa_time": 0.2852644920349121, "PQC_time": 0.27968692779541016, "max_mem": 170516480}