{"nfev": 66, "ans": -12.151630926965174, "trajectory": [[0.5374999999999999, 0.44999999999999996], [0.59375, 0.4249999999999998], [0.6468749999999999, 0.31249999999999956], [0.7859375000000002, 0.20624999999999916], [0.8390625, 0.09374999999999889], [0.8390625, 0.09374999999999889], [0.8472656250000001, 0.12343749999999892], [0.8472656250000001, 0.12343749999999892], [0.9587402343750004, 0.06972656249999865], [0.8877197265625005, 0.19365234374999898], [1.075158691406251, 0.14819335937499856], [1.0268371582031266, 0.373315429687499], [1.214276123046877, 0.3278564453124986], [1.1659545898437527, 0.552978515624999], [1.1659545898437527, 0.552978515624999], [1.1659545898437527, 0.552978515624999], [1.1659545898437527, 0.552978515624999], [1.1659545898437527, 0.552978515624999], [1.1659545898437527, 0.552978515624999], [1.2174599647522002, 0.6105098724365223], [1.2174599647522002, 0.6105098724365223], [1.189749366045001, 0.5674225568771352], [1.2005928382277518, 0.6068376600742329], [1.2063155334442883, 0.5988199904561031], [1.2063155334442883, 0.5988199904561031], [1.2010257464600755, 0.5994052504189301], [1.2001362079463462, 0.592119155754334], [1.2001362079463462, 0.592119155754334], [1.2001362079463462, 0.592119155754334], [1.2001362079463462, 0.592119155754334], [1.2019128751043382, 0.5915764369547094], [1.2017112001881542, 0.5930121921027409], [1.2017112001881542, 0.5930121921027409], [1.201057554686169, 0.5931259769558482], [1.201057554686169, 0.5931259769558482]], "qaoa_time": 0.9586482048034668, "PQC_time": 0.9474344253540039, "max_mem": 170909696}