{"nfev": 73, "ans": -11.755272020110061, "trajectory": [[0.5374999999999999, 0.44999999999999996], [0.59375, 0.4249999999999998], [0.6468749999999999, 0.31249999999999956], [0.7859375000000002, 0.20624999999999916], [0.8390625, 0.09374999999999889], [0.8390625, 0.09374999999999889], [0.8472656250000001, 0.12343749999999892], [0.9106445312500002, 0.0480468749999987], [0.9587402343750004, 0.06972656249999865], [0.9587402343750004, 0.06972656249999865], [0.9532897949218753, 0.14523925781249877], [1.0860870361328132, 0.1401245117187485], [1.1415847778320316, 0.2885925292968737], [1.1415847778320316, 0.2885925292968737], [1.329879760742188, 0.43194580078124856], [1.19708251953125, 0.43706054687499885], [1.19708251953125, 0.43706054687499885], [1.1916320800781248, 0.512573242187499], [1.1916320800781248, 0.512573242187499], [1.25394287109375, 0.5666503906249991], [1.25394287109375, 0.5666503906249991], [1.2195743560791015, 0.5267929077148428], [1.232426834106445, 0.5780685424804679], [1.2399717330932616, 0.5595405578613273], [1.2278868198394775, 0.5477987289428702], [1.2331780552864073, 0.5658690929412833], [1.235252085328102, 0.558187234401702], [1.231050945073366, 0.5549134463071814], [1.2331647852435705, 0.5612097166478625], [1.2331647852435705, 0.5612097166478625], [1.2331647852435705, 0.5612097166478625], [1.2317214726586823, 0.5603755630087097], [1.2323398958047616, 0.5590414470643728], [1.2323398958047616, 0.5590414470643728], [1.2323398958047616, 0.5590414470643728], [1.2323398958047616, 0.5590414470643728], [1.2323398958047616, 0.5590414470643728]], "qaoa_time": 0.7676196098327637, "PQC_time": 0.7603433132171631, "max_mem": 170909696}