{"nfev": 71, "ans": -11.432733035445557, "trajectory": [[0.5374999999999999, 0.44999999999999996], [0.59375, 0.4249999999999998], [0.6468749999999999, 0.31249999999999956], [0.7859375000000002, 0.20624999999999916], [0.8390625, 0.09374999999999889], [0.8390625, 0.09374999999999889], [0.8472656250000001, 0.12343749999999892], [0.9106445312500002, 0.0480468749999987], [0.9587402343750004, 0.06972656249999865], [0.9587402343750004, 0.06972656249999865], [0.9532897949218753, 0.14523925781249877], [1.0860870361328132, 0.1401245117187485], [1.1415847778320316, 0.2885925292968737], [1.2743820190429695, 0.28347778320312345], [1.329879760742188, 0.43194580078124856], [1.329879760742188, 0.43194580078124856], [1.2788423538208002, 0.5656913757324209], [1.2788423538208002, 0.5656913757324209], [1.2788423538208002, 0.5656913757324209], [1.2542833209037778, 0.48309826850891], [1.2393174380064003, 0.5345628857612601], [1.2628213666379446, 0.537260976433753], [1.2628213666379446, 0.537260976433753], [1.2628213666379446, 0.537260976433753], [1.2628213666379446, 0.537260976433753], [1.25763270262978, 0.5192148130619888], [1.2580973486125, 0.5358877132879563], [1.2603431961295424, 0.5324061198043628], [1.2584264875004005, 0.5266808648040742], [1.2584264875004005, 0.5266808648040742], [1.2597853670439232, 0.5294661215562874], [1.2586445967001392, 0.5289245488640963], [1.258820734686216, 0.527938100007133], [1.2592590163685504, 0.5289487229959511], [1.259237514941005, 0.528202842820265], [1.259237514941005, 0.528202842820265]], "qaoa_time": 0.7426915168762207, "PQC_time": 0.735306978225708, "max_mem": 170909696}