{"nfev": 69, "ans": -11.878443544350432, "trajectory": [[0.5374999999999999, 0.44999999999999996], [0.59375, 0.4249999999999998], [0.6468749999999999, 0.31249999999999956], [0.7859375000000002, 0.20624999999999916], [0.8390625, 0.09374999999999889], [0.8390625, 0.09374999999999889], [0.8472656250000001, 0.12343749999999892], [0.9106445312500002, 0.0480468749999987], [0.9587402343750004, 0.06972656249999865], [0.9587402343750004, 0.06972656249999865], [0.9532897949218753, 0.14523925781249877], [1.0860870361328132, 0.1401245117187485], [1.1415847778320316, 0.2885925292968737], [1.1415847778320316, 0.2885925292968737], [1.329879760742188, 0.43194580078124856], [1.1584327697753904, 0.5138519287109364], [1.1584327697753904, 0.5138519287109364], [1.1584327697753904, 0.5138519287109364], [1.2567922592163083, 0.6418434143066395], [1.2237783908843993, 0.4972158432006823], [1.1993590474128721, 0.5416907787322987], [1.2341804891824721, 0.580648362636565], [1.2341804891824721, 0.580648362636565], [1.2115410102531312, 0.5642940886318673], [1.2276583960745482, 0.5621336212381709], [1.226890096173156, 0.5719311087857921], [1.2194076281884916, 0.5656632268219244], [1.2208940952339615, 0.5721289410867019], [1.2235204789421914, 0.5704135963700526], [1.2235204789421914, 0.5704135963700526], [1.2235204789421914, 0.5704135963700526], [1.2235204789421914, 0.5704135963700526], [1.2220611622404012, 0.5703790382260894], [1.2222284635432556, 0.5699647553365362], [1.22283264591701, 0.5702927465756826], [1.22283264591701, 0.5702927465756826]], "qaoa_time": 0.731781005859375, "PQC_time": 0.72381591796875, "max_mem": 170909696}