{"ans": 13.670303593025226, "nfev": 9138, "pca": 0.9689263340934258}