{"ans": 10.824469924210943, "nfev": 5980, "pca": 0.9515090735229684}