{"ans": 10.14589390668444, "nfev": 9197, "pca": 0.9062852030701039}