{"ans": 13.357516086003493, "nfev": 5768, "pca": 0.8902939688914764}