{"ans": 12.718243203412746, "nfev": 5353, "pca": 0.9359466243553102}