{"ans": 13.963337552244738, "nfev": 11142, "pca": 0.9560575231895327}