{"ans": 9.719447548258719, "nfev": 8492, "pca": 0.9198949364813228}