{"ans": 10.252385223061475, "nfev": 7751, "pca": 0.9677815566336588}