{"ans": 12.840082527226919, "nfev": 7308, "pca": 0.9470077688835764}