{"ans": 12.903439711278846, "nfev": 10278, "pca": 0.9788805656745568}