{"ans": 11.251185766172986, "nfev": 7433, "pca": 0.8919814561150532}