{"ans": 10.100559133072528, "nfev": 8348, "pca": 0.9448124281109895}