{"ans": 12.612099649168668, "nfev": 4310, "pca": 0.9565812703879717}