{"ans": 12.45300907322733, "nfev": 7225, "pca": 0.9342008945578404}