{"ans": 11.343665537766176, "nfev": 6049, "pca": 0.9223224422056227}