{"ans": 11.579926788298842, "nfev": 9817, "pca": 0.8380729614727804}