{"ans": 13.421601819207543, "nfev": 6191, "pca": 0.8861568031331294}