{"ans": 11.127210226695064, "nfev": 4149, "pca": 0.9014996592899269}