{"ans": 13.278640959479857, "nfev": 6067, "pca": 0.9595756404761404}