{"ans": 11.98595340259749, "nfev": 12958, "pca": 0.9804238168545955}