{"ans": 12.899325717931037, "nfev": 6872, "pca": 0.9803655473213928}