{"ans": 10.986951630824139, "nfev": 7013, "pca": 0.9124565845447333}