{"ans": 12.284013412344338, "nfev": 4864, "pca": 0.9410959065120434}