{"ans": 11.934286002355803, "nfev": 6295, "pca": 0.8707107484727119}