{"ans": 12.266425880717046, "nfev": 8841, "pca": 0.9550400272460597}