{"ans": 10.705820331553335, "nfev": 8040, "pca": 0.9650685592351885}