{"ans": 11.795501543610067, "nfev": 11844, "pca": 0.8802192623057342}