{"ans": 11.96909878234734, "nfev": 3640, "pca": 0.9240193695409141}