{"ans": 12.756559610198092, "nfev": 7157, "pca": 0.9755028478674975}