{"ans": 12.004259933691856, "nfev": 8455, "pca": 0.902400343503498}