{"ans": 11.459201555128859, "nfev": 7856, "pca": 0.9036017127225285}