{"ans": 13.482527856665316, "nfev": 7583, "pca": 0.9484813392402605}