{"ans": 13.878301698363625, "nfev": 7350, "pca": 0.9455736002514437}