{"ans": 12.061392886510413, "nfev": 5442, "pca": 0.9685350607476948}