{"ans": 9.63392726983415, "nfev": 6150, "pca": 0.945851057287247}