{"ans": 12.233551903169607, "nfev": 4720, "pca": 0.9705925484955235}