{"ans": 11.473359883579086, "nfev": 6173, "pca": 0.9135641427705778}