{"ans": 11.668633268157128, "nfev": 8746, "pca": 0.8954407657975767}