{"ans": 12.632360191320329, "nfev": 6106, "pca": 0.944783489589491}