{"ans": 10.306673743696733, "nfev": 5412, "pca": 0.9408799324676019}