{"ans": 11.65264442225861, "nfev": 4303, "pca": 0.974902395749066}