{"ans": 10.838606032163879, "nfev": 5973, "pca": 0.8841947822709122}