{"ans": 13.040028096364995, "nfev": 7967, "pca": 0.928090996167967}