{"ans": 11.710314413667147, "nfev": 12970, "pca": 0.8846160836707687}