{"ans": 11.76922216441245, "nfev": 6120, "pca": 0.9950237302709004}