{"ans": 12.462473642609943, "nfev": 11708, "pca": 0.9665205375477962}