{"ans": 10.0588571916023, "nfev": 6883, "pca": 0.8906683725530834}