{"ans": 12.158888241711914, "nfev": 6281, "pca": 0.9317780484238072}