{"ans": 11.558545584969696, "nfev": 7693, "pca": 0.7281826475607005}