{"ans": 10.862563503404509, "nfev": 8949, "pca": 0.8999812535773374}