{"ans": 13.764617526274376, "nfev": 5325, "pca": 0.9271098920727597}