{"ans": 13.164340897724495, "nfev": 6716, "pca": 0.9559735487543609}