{"ans": 13.5185907426005, "nfev": 6910, "pca": 0.9424909159665139}