{"ans": 11.074172360329495, "nfev": 3963, "pca": 0.8623577239381696}