{"ans": 10.550414080718895, "nfev": 9609, "pca": 0.9802283959678763}