{"ans": 10.11549973839652, "nfev": 11288, "pca": 0.9218330186126584}