{"ans": 13.033866914851126, "nfev": 5228, "pca": 0.9086981439185738}