{"ans": 10.767963137446246, "nfev": 5432, "pca": 0.9730834220014902}