{"ans": 11.041569594067822, "nfev": 3507, "pca": 0.9509245647817864}