{"ans": 11.498935298498456, "nfev": 4599, "pca": 0.917449948650224}