{"ans": 12.049721184000965, "nfev": 11314, "pca": 0.9631267651482066}