{"ans": 12.318798854814798, "nfev": 6339, "pca": 0.9408252405568717}