{"ans": 11.789169370059065, "nfev": 12644, "pca": 0.8951661745398756}