{"ans": 12.845495994865365, "nfev": 8211, "pca": 0.9613966359989499}