{"ans": 11.239403575623095, "nfev": 12214, "pca": 0.9372681520187569}