{"ans": 10.984429921807385, "nfev": 8465, "pca": 0.9548889356646508}