{"ans": 11.85430912033852, "nfev": 5325, "pca": 0.9592419108436854}