{"ans": 12.50410005351855, "nfev": 6765, "pca": 0.8358401804639294}