{"ans": 13.817924268042084, "nfev": 10437, "pca": 0.9734906364916402}