{"ans": 13.001012616043655, "nfev": 7164, "pca": 0.9441232882011275}