{"ans": 10.79541549942441, "nfev": 8883, "pca": 0.850204953829215}