{"ans": 14.058406088999394, "nfev": 5663, "pca": 0.9341102909707706}