{"ans": 14.243589081098255, "nfev": 8657, "pca": 0.9352316783806404}