{"ans": 12.824091231127868, "nfev": 3850, "pca": 0.942602783641932}