{"ans": 10.139816841106231, "nfev": 7516, "pca": 0.9310841997794391}