{"ans": 12.37968510209999, "nfev": 12561, "pca": 0.8780864722300564}