{"ans": 12.212051408865094, "nfev": 4038, "pca": 0.9622138743626092}