{"ans": 13.81398570975926, "nfev": 9617, "pca": 0.9027268760923539}