{"ans": 12.200467736280679, "nfev": 5528, "pca": 0.9152913102756131}