{"ans": 14.673053907824883, "nfev": 8705, "pca": 0.9298122785447618}