{"ans": 9.505955695357757, "nfev": 5545, "pca": 0.9104485875326865}