{"ans": 12.058565462726154, "nfev": 5264, "pca": 0.8441664701669989}