{"ans": 11.441534187700155, "nfev": 8247, "pca": 0.8397880986834896}