{"ans": 14.295453294686652, "nfev": 5121, "pca": 0.9244820842524222}