{"ans": 11.288459090545718, "nfev": 5720, "pca": 0.9328295620941893}