{"ans": 11.174858928048126, "nfev": 7448, "pca": 0.8554007951278495}