{"ans": 10.776914421052169, "nfev": 6607, "pca": 0.8237152472416922}