{"ans": 14.2170185580728, "nfev": 9470, "pca": 0.9360248183457279}