{"ans": 7.410997058690921, "nfev": 3638, "pca": 0.9030598006728725}