{"ans": 11.428508880381928, "nfev": 8343, "pca": 0.920938110013315}