{"ans": 13.25481829324885, "nfev": 4926, "pca": 0.9078961911777581}