{"ans": 11.135891197666421, "nfev": 10500, "pca": 0.9509193394727368}