{"ans": 12.341015837842802, "nfev": 8382, "pca": 0.9391552534600847}