{"ans": 12.226942771369119, "nfev": 7200, "pca": 0.9331794405685919}