{"ans": 12.088186496415734, "nfev": 12908, "pca": 0.9649997241906927}