{"ans": 13.392908237115504, "nfev": 8138, "pca": 0.9284517784009014}