{"ans": 12.180269361462102, "nfev": 6135, "pca": 0.9201037577418992}