{"ans": 13.076157201119996, "nfev": 4174, "pca": 0.9651546173956438}