{"ans": 10.596497573057066, "nfev": 10909, "pca": 0.9121202353800849}