{"ans": 11.043974007468318, "nfev": 10388, "pca": 0.879925663551185}