{"nfev": 64, "ans": -14.226069519534375, "trajectory": [[0.5374999999999999, 0.44999999999999996], [0.59375, 0.4249999999999998], [0.6468749999999999, 0.31249999999999956], [0.7859375000000002, 0.20624999999999916], [0.8390625, 0.09374999999999889], [0.8390625, 0.09374999999999889], [0.8472656250000001, 0.12343749999999892], [0.8472656250000001, 0.12343749999999892], [0.9587402343750004, 0.06972656249999865], [0.8877197265625005, 0.19365234374999898], [1.075158691406251, 0.14819335937499856], [1.0268371582031266, 0.373315429687499], [1.214276123046877, 0.3278564453124986], [1.1659545898437527, 0.552978515624999], [1.1659545898437527, 0.552978515624999], [1.1659545898437527, 0.552978515624999], [1.1659545898437527, 0.552978515624999], [1.1659545898437527, 0.552978515624999], [1.1659545898437527, 0.552978515624999], [1.2174599647522002, 0.6105098724365223], [1.2174599647522002, 0.6105098724365223], [1.18078884482384, 0.5816829919815053], [1.1864553198218375, 0.6031807482242574], [1.2005410235375193, 0.6014708712697019], [1.2005410235375193, 0.6014708712697019], [1.2005410235375193, 0.6014708712697019], [1.2005410235375193, 0.6014708712697019], [1.1992534401186306, 0.5940008670790109], [1.1969557724150974, 0.5958397092006623], [1.1969557724150974, 0.5958397092006623], [1.1987137105845278, 0.5965579339223028], [1.1987137105845278, 0.5965579339223028], [1.197792336555986, 0.5958342991609686], [1.197792336555986, 0.5958342991609686]], "qaoa_time": 5.983310699462891, "PQC_time": 5.9757080078125, "max_mem": 170872832}