{"nfev": 69, "ans": -13.944847685609686, "trajectory": [[0.5374999999999999, 0.44999999999999996], [0.59375, 0.4249999999999998], [0.6468749999999999, 0.31249999999999956], [0.7859375000000002, 0.20624999999999916], [0.8390625, 0.09374999999999889], [0.8390625, 0.09374999999999889], [0.8472656250000001, 0.12343749999999892], [0.9106445312500002, 0.0480468749999987], [0.9587402343750004, 0.06972656249999865], [0.9587402343750004, 0.06972656249999865], [0.9532897949218753, 0.14523925781249877], [1.0860870361328132, 0.1401245117187485], [1.1415847778320316, 0.2885925292968737], [1.1415847778320316, 0.2885925292968737], [1.329879760742188, 0.43194580078124856], [1.1584327697753904, 0.5138519287109364], [1.1584327697753904, 0.5138519287109364], [1.1584327697753904, 0.5138519287109364], [1.2567922592163083, 0.6418434143066395], [1.2237783908843993, 0.4972158432006823], [1.1993590474128721, 0.5416907787322987], [1.2341804891824721, 0.580648362636565], [1.2132654570043087, 0.5931464344263067], [1.2115410102531312, 0.5642940886318673], [1.223291861405596, 0.579684312082826], [1.2153409464168363, 0.5825678173918266], [1.2154287070821737, 0.5727100766845967], [1.2154287070821737, 0.5727100766845967], [1.2163622359983493, 0.5791268352571922], [1.2176169078089059, 0.5772900427657067], [1.2162091394929004, 0.5754592578480231], [1.2166376298246262, 0.5777507427820285], [1.2170201462338346, 0.5769475215403663], [1.2165190137610655, 0.5764041950046103], [1.2165190137610655, 0.5764041950046103], [1.2165190137610655, 0.5764041950046103]], "qaoa_time": 9.00725507736206, "PQC_time": 8.997934341430664, "max_mem": 170872832}