{"nfev": 63, "ans": -14.5414496878011, "trajectory": [[0.5374999999999999, 0.44999999999999996], [0.59375, 0.4249999999999998], [0.6468749999999999, 0.31249999999999956], [0.7859375000000002, 0.20624999999999916], [0.8390625, 0.09374999999999889], [0.8953125000000003, 0.06874999999999876], [0.8953125000000003, 0.06874999999999876], [0.9046875000000005, 0.13124999999999887], [0.9046875000000005, 0.13124999999999887], [1.0265625000000014, 0.1437499999999987], [0.9500000000000017, 0.2999999999999991], [1.1554687500000034, 0.40312499999999896], [1.078906250000004, 0.5593749999999993], [1.078906250000004, 0.5593749999999993], [1.1947265625000054, 0.7148437499999993], [1.210595703125005, 0.6498046874999992], [1.1407836914062546, 0.6208496093749993], [1.1661712646484421, 0.5955688476562492], [1.1820365905761767, 0.6290069580078117], [1.1820365905761767, 0.6290069580078117], [1.1762857913970994, 0.6070379257202141], [1.1762857913970994, 0.6070379257202141], [1.1784296840429356, 0.622020494937896], [1.1753587506711534, 0.6187796741724008], [1.176590004377072, 0.6137190051376813], [1.176590004377072, 0.6137190051376813], [1.1784332844894427, 0.6140742482617492], [1.1784332844894427, 0.6140742482617492], [1.1785475893848392, 0.61608301262604], [1.177923637272766, 0.6157972012209932], [1.177923637272766, 0.6157972012209932], [1.177923637272766, 0.6157972012209932]], "qaoa_time": 7.635958194732666, "PQC_time": 7.627789258956909, "max_mem": 170872832}