{"nfev": 68, "ans": -14.081367556401501, "trajectory": [[0.5374999999999999, 0.44999999999999996], [0.59375, 0.4249999999999998], [0.6468749999999999, 0.31249999999999956], [0.7859375000000002, 0.20624999999999916], [0.8390625, 0.09374999999999889], [0.8390625, 0.09374999999999889], [0.8472656250000001, 0.12343749999999892], [0.8472656250000001, 0.12343749999999892], [0.9587402343750004, 0.06972656249999865], [0.8877197265625005, 0.19365234374999898], [1.075158691406251, 0.14819335937499856], [1.0268371582031266, 0.373315429687499], [1.214276123046877, 0.3278564453124986], [1.1659545898437527, 0.552978515624999], [1.1659545898437527, 0.552978515624999], [1.1659545898437527, 0.552978515624999], [1.1659545898437527, 0.552978515624999], [1.1659545898437527, 0.552978515624999], [1.22754936218262, 0.52470245361328], [1.2174599647522002, 0.6105098724365223], [1.2174599647522002, 0.6105098724365223], [1.2174599647522002, 0.6105098724365223], [1.211270937323573, 0.5702264428138721], [1.2042975388467339, 0.5753302484750737], [1.2126221014186769, 0.5916441090404976], [1.2126221014186769, 0.5916441090404976], [1.2067164705134954, 0.584763130173086], [1.2067164705134954, 0.584763130173086], [1.2067164705134954, 0.584763130173086], [1.2067164705134954, 0.584763130173086], [1.2067164705134954, 0.584763130173086], [1.2072102871472477, 0.5875088697721357], [1.2079177765935154, 0.5864987287048269], [1.2079177765935154, 0.5864987287048269], [1.2079177765935154, 0.5864987287048269], [1.2079177765935154, 0.5864987287048269]], "qaoa_time": 8.27191424369812, "PQC_time": 8.262985944747925, "max_mem": 170872832}