{"nfev": 72, "ans": -13.816111589042347, "trajectory": [[0.5374999999999999, 0.44999999999999996], [0.59375, 0.4249999999999998], [0.6468749999999999, 0.31249999999999956], [0.7859375000000002, 0.20624999999999916], [0.8390625, 0.09374999999999889], [0.8390625, 0.09374999999999889], [0.8472656250000001, 0.12343749999999892], [0.9106445312500002, 0.0480468749999987], [0.9587402343750004, 0.06972656249999865], [0.9587402343750004, 0.06972656249999865], [0.9532897949218753, 0.14523925781249877], [1.0860870361328132, 0.1401245117187485], [1.1415847778320316, 0.2885925292968737], [1.1415847778320316, 0.2885925292968737], [1.329879760742188, 0.43194580078124856], [1.1584327697753904, 0.5138519287109364], [1.1584327697753904, 0.5138519287109364], [1.1584327697753904, 0.5138519287109364], [1.2567922592163083, 0.6418434143066395], [1.2237783908843993, 0.4972158432006823], [1.1993590474128721, 0.5416907787322987], [1.2341804891824721, 0.580648362636565], [1.2341804891824721, 0.580648362636565], [1.2341804891824721, 0.580648362636565], [1.2341804891824721, 0.580648362636565], [1.2224296380300073, 0.5652581391856063], [1.2224296380300073, 0.5652581391856063], [1.2224296380300073, 0.5652581391856063], [1.2243515462781942, 0.5719305683887785], [1.2268416922537653, 0.570413364185514], [1.2240131286479934, 0.5682150527363763], [1.2265032746235645, 0.5666978485331118], [1.226049946944772, 0.5689349074101291], [1.2251448697160807, 0.5680157153539984], [1.2260503414769954, 0.5675865799575878], [1.225145264248304, 0.5666673879014572], [1.2253713362893652, 0.5675713496417605], [1.2253713362893652, 0.5675713496417605]], "qaoa_time": 8.728690147399902, "PQC_time": 8.719639539718628, "max_mem": 170872832}