{"nfev-p1": 274, "ans-p1": -14.298647938926056, "nfev-p2": 1786, "ans-p2": -14.366974995366947, "nfev-p3": 6138, "ans-p3": -16.2459531738821}