{"nfev": 64, "ans": -8.006916946198206, "trajectory": [[0.5374999999999999, 0.44999999999999996], [0.59375, 0.4249999999999998], [0.6468749999999999, 0.31249999999999956], [0.7859375000000002, 0.20624999999999916], [0.8390625, 0.09374999999999889], [0.8390625, 0.09374999999999889], [0.8472656250000001, 0.12343749999999892], [0.8472656250000001, 0.12343749999999892], [0.9587402343750004, 0.06972656249999865], [0.8877197265625005, 0.19365234374999898], [1.075158691406251, 0.14819335937499856], [1.0268371582031266, 0.373315429687499], [1.214276123046877, 0.3278564453124986], [1.1659545898437527, 0.552978515624999], [1.1659545898437527, 0.552978515624999], [1.1659545898437527, 0.552978515624999], [1.1659545898437527, 0.552978515624999], [1.1659545898437527, 0.552978515624999], [1.22754936218262, 0.52470245361328], [1.2174599647522002, 0.6105098724365223], [1.2174599647522002, 0.6105098724365223], [1.2166970789432554, 0.5550517797470081], [1.2056540742516546, 0.5715365827083577], [1.2143177706748276, 0.5869020268321026], [1.2143177706748276, 0.5869020268321026], [1.2143177706748276, 0.5869020268321026], [1.2134712052822612, 0.579764660145155], [1.2109792769144436, 0.5818264541856468], [1.2109792769144436, 0.5818264541856468], [1.212798298341389, 0.5813011416186771], [1.212798298341389, 0.5813011416186771], [1.2118342497318824, 0.5819150862351069], [1.2118342497318824, 0.5819150862351069]], "qaoa_time": 0.16725659370422363, "PQC_time": 0.16301441192626953, "max_mem": 170516480}