{"nfev": 71, "ans": -9.94177931395425, "trajectory": [[0.5374999999999999, 0.44999999999999996], [0.59375, 0.4249999999999998], [0.6468749999999999, 0.31249999999999956], [0.7859375000000002, 0.20624999999999916], [0.8390625, 0.09374999999999889], [0.8390625, 0.09374999999999889], [0.8472656250000001, 0.12343749999999892], [0.9106445312500002, 0.0480468749999987], [0.9587402343750004, 0.06972656249999865], [0.9587402343750004, 0.06972656249999865], [0.9532897949218753, 0.14523925781249877], [1.0860870361328132, 0.1401245117187485], [1.1415847778320316, 0.2885925292968737], [1.1415847778320316, 0.2885925292968737], [1.329879760742188, 0.43194580078124856], [1.1584327697753904, 0.5138519287109364], [1.1584327697753904, 0.5138519287109364], [1.1584327697753904, 0.5138519287109364], [1.2567922592163083, 0.6418434143066395], [1.2237783908843993, 0.4972158432006823], [1.1993590474128721, 0.5416907787322987], [1.2341804891824721, 0.580648362636565], [1.2132654570043087, 0.5931464344263067], [1.2115410102531312, 0.5642940886318673], [1.223291861405596, 0.579684312082826], [1.223291861405596, 0.579684312082826], [1.2154287070821737, 0.5727100766845967], [1.2173506153303606, 0.5793825058877691], [1.2198407613059317, 0.5778653016845045], [1.2170121977001598, 0.5756669902353667], [1.2195023436757308, 0.5741497860321021], [1.2190490159969385, 0.5763868449091194], [1.2181439387682471, 0.5754676528529887], [1.2190494105291618, 0.5750385174565781], [1.2181443333004704, 0.5741193254004475], [1.2183704053415316, 0.5750232871407508], [1.2183704053415316, 0.5750232871407508]], "qaoa_time": 0.6434760093688965, "PQC_time": 0.6359541416168213, "max_mem": 169693184}