{"nfev": 68, "ans": -9.816025968657684, "trajectory": [[0.5374999999999999, 0.44999999999999996], [0.59375, 0.4249999999999998], [0.6468749999999999, 0.31249999999999956], [0.7859375000000002, 0.20624999999999916], [0.8390625, 0.09374999999999889], [0.8390625, 0.09374999999999889], [0.8472656250000001, 0.12343749999999892], [0.9106445312500002, 0.0480468749999987], [0.9587402343750004, 0.06972656249999865], [0.9587402343750004, 0.06972656249999865], [0.9532897949218753, 0.14523925781249877], [1.0860870361328132, 0.1401245117187485], [1.1415847778320316, 0.2885925292968737], [1.1415847778320316, 0.2885925292968737], [1.329879760742188, 0.43194580078124856], [1.1584327697753904, 0.5138519287109364], [1.1584327697753904, 0.5138519287109364], [1.1584327697753904, 0.5138519287109364], [1.2567922592163083, 0.6418434143066395], [1.2237783908843993, 0.4972158432006823], [1.1993590474128721, 0.5416907787322987], [1.2341804891824721, 0.580648362636565], [1.2341804891824721, 0.580648362636565], [1.2411614028736948, 0.5615354128181922], [1.2289725128095597, 0.5501422973349679], [1.2346237235120496, 0.5682436088565725], [1.2271164758043596, 0.5580217232345592], [1.2299213062338823, 0.5566374816902668], [1.2315713072655852, 0.5627866056594928], [1.2315713072655852, 0.5627866056594928], [1.2315713072655852, 0.5627866056594928], [1.2300038705321068, 0.5613840949982193], [1.2300038705321068, 0.5613840949982193], [1.2310092930642929, 0.561894332024629], [1.230698634496047, 0.5611296176463678], [1.230698634496047, 0.5611296176463678]], "qaoa_time": 0.6053550243377686, "PQC_time": 0.598107099533081, "max_mem": 169693184}